sdk:automate:hub-management|2454.9027004241943
sdk:driver:pre-initialization|3.44219970703125
sdk:driver:get|4.605299949645996
sdk:setup|3922.434299468994
sdk:cli:on-bootstrap|10.199100494384766
sdk:automate:hub-management|2564.8782997131348
sdk:driver:pre-initialization|2.896599769592285
sdk:driver:get|4.176400184631348
sdk:setup|3960.6600999832153
sdk:cli:on-bootstrap|8.911100387573242
sdk:automate:hub-management|3681.5469999313354
sdk:driver:pre-initialization|2.038999557495117
sdk:driver:get|3.1875
sdk:setup|5663.71249961853
sdk:cli:on-bootstrap|5.763799667358398
